"Title","Year","Category","Format","Version","Studio","Duration","Remark","만든 날짜","Lable","Included","NEW","TrailerLink","Note"
"Novocaine ","2025","TLR","4DX","1","Paramount",,,"2025-06-11 오후 6:53",,,,,
"Mickey 17 ","2025","TLR","4DX","F5/2","Warner",,,"2025-06-11 오후 6:53",,,,,
"Snow White ","2025","TLR","4DX","B","Disney",,,"2025-06-11 오후 6:53",,,,,
"Novocaine ","2025","TLR","4DX","4DX Bumper","Paramount",,,"2025-06-11 오후 6:53",,,,,
"Pabrik Gula ","2025","TLR","4DX",,"Local-Indonesia",,,"2025-06-11 오후 6:53",,,,,
"Jurassic World Rebirth","2025","TLR","4DX","A/1","Universal",,,"2025-06-11 오후 6:53",,,,,
"How to Train Your Dragon","2025","TLR","4DX","B/2","Universal",,,"2025-06-11 오후 6:53",,,,,
"How to Train Your Dragon","2025","TLR","4DX","4DX Bumper","Universal",,,"2025-06-11 오후 6:53",,,,,
"Thunderbolts*","2025","TLR","4DX","F/5","Disney",,,"2025-06-11 오후 6:53",,,,,
"The Fantastic Four: First Steps ","2025","TLR","4DX","A/1","Disney",,,"2025-06-11 오후 6:53",,,,"https://www.imdb.com/video/vi18467097",
"Lilo & Stitch ","2025","TLR","4DX","C/3","Disney",,,"2025-06-11 오후 6:53",,,,,
"Elio ","2025","TLR","4DX","F/3","Disney",,,"2025-06-11 오후 6:53",,,,,
"Mission: Impossible - The Final Reckoning","2025","TLR","4DX","B/3","Paramount",,,"2025-06-11 오후 6:53",,,,,
"F1: The Movie","2025","TLR","4DX","F2/2","Warner",,,"2025-06-11 오후 6:53",,,,,
"Tron: Ares","2025","TLR","4DX","A/1","Disney","1min 35sec",,"2025-06-11 오후 6:53",,,,"https://www.imdb.com/video/vi776259865",
"The Fantastic Four: First Steps ","2025","TLR","4DX","B/K/2","Disney",,,"2025-06-11 오후 6:53",,,,,
"The Fantastic Four: First Steps ","2025","TLR","4DX","D/3","Disney",,,"2025-06-11 오후 6:53",,,,"https://www.imdb.com/video/vi2494679065
",
"How to Train Your Dragon","2025","TLR","4DX","SX Bumper","Universal",,,"2025-06-11 오후 6:53",,,,,
"28 Years Later ","2025","TLR","4DX","E/3","Sony",,,"2025-06-11 오후 6:53",,,,,
"Superman (2025)","2025","TLR","4DX","F4","Warner",,,"2025-06-11 오후 6:53",,,,,
"Superman (2025)","2025","TLR","4DX","F5","Warner",,,"2025-06-11 오후 6:53",,,,,
"Jurassic World Rebirth","2025","TLR","4DX","4DX Bumper/4","Universal",,,"2025-06-11 오후 6:53",,,,,
"Jurassic World Rebirth ","2025","TLR","4DX","D/3","Universal",,,"2025-06-11 오후 6:53",,,,,
"(G) IDLE","2024","TLR","SX","1","Local-Korea","1min 2sec",,"2025-06-11 오후 6:53",,,,,
"Captain America: Brave New World","2024","TLR","SX","X","Disney","2min 27sec",,"2025-06-11 오후 6:53",,,,,
"Captain America: Brave New World","2024","TLR","SX","E","Disney","2min 27sec",,"2025-06-11 오후 6:53",,,,,
"Mickey 17","2024","TLR","SX","F5","WB","2min 24sec","ONLY FLAT","2025-06-11 오후 6:53",,,,,
"Snow White","2025","TLR","SX","H","Disney","2min 25sec",,"2025-06-11 오후 6:53",,,,,
"Minecraft","2025","TLR","SX","F3","WB","2min 25sec","ONLY FLAT","2025-06-11 오후 6:53",,,,,
"Thunderbolts*","2025","TLR","SX","F/T","Disney"," 2min 25sec",,"2025-06-11 오후 6:53",,,,,
"How to Train Your Dragon","2025","TLR","SX","B","Universal","2min 20sec",,"2025-06-11 오후 6:53",,,,,
"Mission: Impossible - The Final Reckoning","2025","TLR","SX","B/3","Paramount","2min 18sec",,"2025-06-11 오후 6:53",,,,,
"How to Train Your Dragon","2025","TLR","SX","G","Universal","1min 1sec",,"2025-06-11 오후 6:53",,,,,
"Jurassic World Rebirth","2025","TLR","SX","A","Universal","2min 25sec",,"2025-06-11 오후 6:53",,,,"https://www.imdb.com/video/vi3122317593",
"How to Train Your Dragon","2025","TLR","SX","Sneakpeek","Universal","3min",,"2025-06-11 오후 6:53",,,,,
"F1: The Movie","2025","TLR","SX","F2","Warner","2min 28sec",,"2025-06-11 오후 6:53",,,,,
"(                               )","0","QC","4DX",,,,"You can add further details in the 'More Details' field","2025-06-11 오후 6:53",,,,,
"(                               )","0","QC","SX",,,,"You can add further details in the 'More Details' field","2025-06-11 오후 6:53",,,,,
"(                               )","0","QC","ULTRA",,,,"You can add further details in the 'More Details' field","2025-09-04 오전 11:23",,,,,
"(                               )","0","ADV-QC","4DX",,,,"You can add further details in the 'More Details' field","2025-06-11 오후 6:53",,,,,
"(                               )","0","ADV-Feature","4DX",,,,"You can add further details in the 'More Details' field","2025-06-11 오후 6:53",,,,,
"Jurassic World Rebirth","2025","TLR","SX","6","Universal",,"SCREENX Bumper","2025-06-17 오후 4:52",,,,,
"CUBE","0","Brand TLR","SX","ENG",,"131s","The DCP distribution is included for this asset. (made in 2015)","2025-06-18 오전 11:43","2015년 제작",,,,
"EVOLUTION","0","Brand TLR","SX","ENG",,"60s","The DCP distribution is included for this asset. (made in 2022)","2025-06-18 오전 11:43","2022년 제작",,,,
"NATURE","0","Brand TLR","SX","ENG",,"60s","The DCP distribution is included for this asset. (made in 2025)","2025-06-18 오전 11:44","2025년 제작",,,,
"Multiverse","0","Brand TLR","4DX","CS-XX",,"96s","The DCP distribution is included for this asset.","2025-06-18 오전 11:44","2024년 제작",,,,
"Multiverse","0","Brand TLR","4DX","EN-EN",,"92s","The DCP distribution is included for this asset.","2025-06-18 오전 11:45","2024년 제작",,,,
"Multiverse","0","Brand TLR","4DX","EN-XX",,"92s","The DCP distribution is included for this asset.","2025-06-18 오전 11:45","2024년 제작",,,,
"Multiverse","0","Brand TLR","4DX","KO-XX",,"92s","The DCP distribution is included for this asset.","2025-06-18 오전 11:45","2024년 제작",,,,
"Multiverse","0","Brand TLR","4DX","KO-KO",,"92s","The DCP distribution is included for this asset.","2025-06-18 오전 11:45","2024년 제작",,,,
"Multiverse","0","Brand TLR","4DX","EN-PT",,"92s","The DCP distribution is included for this asset.","2025-06-18 오전 11:45","2024년 제작",,,,
"Multiverse","0","Brand TLR","4DX","JA-XX",,"92s","The DCP distribution is included for this asset.","2025-06-18 오전 11:45","2024년 제작",,,,
"Multiverse","0","Brand TLR","4DX","EN-TR",,"92s","The DCP distribution is included for this asset.","2025-06-18 오전 11:45","2024년 제작",,,,
"Multiverse","0","Brand TLR","4DX","LATAM - Spanish",,"92s","The DCP distribution is included for this asset.","2025-06-18 오전 11:45","2024년 제작",,,,
"Multiverse","0","Brand TLR","4DX","BG-XX",,"92s","The DCP distribution is included for this asset.","2025-06-18 오전 11:45","2024년 제작",,,,
"Multiverse","0","Brand TLR","4DX","EN-HE",,"92s","The DCP distribution is included for this asset.","2025-06-18 오전 11:45","2024년 제작",,,,
"Multiverse","0","Brand TLR","4DX","EN-HU",,"92s","The DCP distribution is included for this asset.","2025-06-18 오전 11:45","2024년 제작",,,,
"Multiverse","0","Brand TLR","4DX","EN-RO",,"92s","The DCP distribution is included for this asset.","2025-06-18 오전 11:45","2024년 제작",,,,
"Multiverse","0","Brand TLR","4DX","EN-DE",,"92s","The DCP distribution is included for this asset.","2025-06-18 오전 11:45","2024년 제작",,,,
"Multiverse","0","Brand TLR","4DX","MX",,"92s","The DCP distribution is included for this asset.","2025-06-18 오전 11:45","2024년 제작",,,,
"Multiverse","0","Brand TLR","4DX","EN-XX",,"60s","The DCP distribution is included for this asset.","2025-06-18 오전 11:45","2024년 제작",,,,
"Multiverse","0","Brand TLR","4DX","EN-DE",,"60s","The DCP distribution is included for this asset.","2025-06-18 오전 11:45","2024년 제작",,,,
"Multiverse","0","Brand TLR","4DX","JA-XX",,"60s","The DCP distribution is included for this asset.","2025-06-18 오전 11:45","2023년 제작",,,,
"Multiverse","0","Brand TLR","4DX","DE-DE",,"30s","The DCP distribution is included for this asset.","2025-06-18 오전 11:45","2024년 제작",,,,
"Multiverse","0","Brand TLR","4DX","EN-XX",,"30s","The DCP distribution is included for this asset.","2025-06-18 오전 11:45","2024년 제작",,,,
"Multiverse","0","Brand TLR","4DX","BG-XX",,"30s","The DCP distribution is included for this asset.","2025-06-18 오전 11:45","2024년 제작",,,,
"Multiverse","0","Brand TLR","4DX","CS-XX",,"30s","The DCP distribution is included for this asset.","2025-06-18 오전 11:45","2024년 제작",,,,
"Multiverse-DSA","0","Brand TLR","4DX","KO-XX",,"92s","DSA 배포는 CGV 미디어운영팀으로 문의 부탁드립니다.","2025-06-18 오전 11:45","2024년 제작",,,,
"ULTRA 4DX","0","Brand TLR","ULTRA","EN-EN",,"68s","DCP, 4DX Code and SX Wing will be distributed for this request.","2025-06-18 오전 11:45","2024년 제작",,,,
"ULTRA 4DX","0","Brand TLR","ULTRA","EN-XX",,"68s","DCP, 4DX Code and SX Wing will be distributed for this request.","2025-06-18 오전 11:45","2024년 제작",,,,
"ULTRA 4DX","0","Brand TLR","ULTRA","KO-XX",,"68s","DCP, 4DX Code and SX Wing will be distributed for this request.","2025-06-18 오전 11:46","2024년 제작",,,,
"ULTRA 4DX","0","Brand TLR","ULTRA","KO-KO",,"68s","DCP, 4DX Code and SX Wing will be distributed for this request.","2025-06-18 오전 11:46","2024년 제작",,,,
"ULTRA 4DX","0","Brand TLR","ULTRA","EN-VN",,"68s","DCP, 4DX Code and SX Wing will be distributed for this request.","2025-06-18 오전 11:46","2024년 제작",,,,
"ULTRA 4DX","0","Brand TLR","ULTRA","JP-XX",,"68s","DCP, 4DX Code and SX Wing will be distributed for this request.","2025-06-18 오전 11:46","2024년 제작",,,,
"ULTRA 4DX","0","Brand TLR","ULTRA","EN-CN",,"68s","DCP, 4DX Code and SX Wing will be distributed for this request. (ONLY FLAT)","2025-06-18 오전 11:46","2024년 제작",,,,
"SinkHole","0","Brand TLR","ULTRA","EN-CN",,"195s","DCP, 4DX Code and SX Wing will be distributed for this request. (No Subtitle)","2025-06-18 오전 11:46","2017년 제작",,,,
"The Bad Guys 2","2025","TLR","4DX","E/3","Universal",,,"2025-06-18 오후 6:00",,,,"https://www.imdb.com/video/vi932366361",
"Superman (2025)","2025","TLR","SX","F4/3","Warner",,"ONLY FLAT","2025-06-24 오후 4:57",,,,,
"Superman (2025)","2025","TLR","SX","F5/4","Warner",,"ONLY FLAT","2025-06-24 오후 4:58",,,,,
"The Fantastic Four: First Steps ","2025","TLR","4DX","4DX Spot/S","Disney",,"4DX Bumper","2025-06-24 오후 9:32",,,,,
"Jurassic World Rebirth","2025","TLR","SX","Entrance/OV","Universal","2mins","The DCP will be distributed with the SX Wing.","2025-06-25 오후 2:27","7/7 - 로고 오류 수정된 V2 Wing 제작 완료",,,,
"Jurassic World Rebirth","2025","TLR","SX","Entrance/KR","Universal","30s","The DCP will be distributed with the SX Wing.","2025-06-25 오후 2:27",,,,,
"Jurassic World Rebirth","2025","TLR","SX","Entrance/TW","Universal","2mins","The DCP will be distributed with the SX Wing.","2025-06-25 오후 2:27",,,,,
"Jurassic World Rebirth","2025","TLR","SX","Entrance/VN","Universal","2mins","The DCP will be distributed with the SX Wing.","2025-06-25 오후 2:27",,,,,
"Jurassic World Rebirth","2025","TLR","SX","Entrance/JP","Universal",,"The DCP will be distributed with the SX Wing.","2025-06-25 오후 2:27",,,,,
"Jurassic World Rebirth","2025","TLR","SX","Entrance/Kinepolis","Universal",,"EMEA (ONLY Wing/DCP UPI)","2025-06-25 오후 9:47",,,,,
"War 2","2025","TLR","4DX",,"Local-India",,,"2025-07-02 오후 12:17",,,,"https://www.imdb.com/video/vi2929182745",
"Top Gun: Maverick","2022","TLR","SX","PLF_2min","Paramount",,,"2025-07-02 오후 3:16",,,,,
"Top Gun: Maverick","2022","TLR","SX","PLF_5min","Paramount",,,"2025-07-02 오후 3:18",,,,,
"The Fantastic Four: First Steps ","2025","TLR","4DX","M/4","Disney",,,"2025-07-03 오후 3:06",,,,"https://www.imdb.com/video/vi3353462809",
"Les Orphelins","2025","TLR","4DX","2","Local-France",,,"2025-07-03 오후 3:08",,,,,
"Jaws","2025","TLR","4DX","1","Universal","1min 30sec",,"2025-07-04 오후 4:29",,,,,
"The Fantastic Four: First Steps ","2025","TLR","SX","B/K/2","Disney","2min 20sec","- Same with K version in Japan and Cambodia.","2025-07-09 오후 5:55",,,,,
"The Fantastic Four: First Steps ","2025","TLR","SX","L","Disney","32sec","ONLY KR","2025-07-10 오후 4:04",,,,,
"The Running Man","2025","TLR","4DX","B/2","Paramount","2min 26sec",,"2025-07-10 오후 4:21",,,,,
"Cursa","2025","TLR","4DX","-","Local-Romania","1min 43sec",,"2025-07-10 오후 9:00",,,,,
"(                               )","0","TLR","4DX",,,,"You can add further details in the 'More Details' field","2025-07-15 오전 10:51",,,,,
"(                               )","0","TLR","SX",,,,"You can add further details in the 'More Details' field","2025-07-15 오전 10:52",,,,,
"(                               )","0","TLR","ULTRA",,,,"You can add further details in the 'More Details' field","2025-09-04 오전 11:17",,,,,
"The Bad Guys 2","2025","TLR","SX","E/3","Universal","2min 26sec",,"2025-07-16 오전 10:55",,,,"https://www.imdb.com/video/vi932366361",
"Tron: Ares","2025","TLR","4DX","D/2","Disney","2min 25sec",,"2025-07-21 오후 5:25",,,,"https://www.imdb.com/video/vi383371289",
"Avatar: Fire and Ash","2025","TLR","4DX","A","Disney","2min 25sec","Not used because production approval is pending.","2025-07-23 오후 6:50",,,,,
"Avatar: Fire and Ash","2025","TLR","4DX","B","Disney","1min 30sec","Not used because production approval is pending.","2025-07-23 오후 6:50",,,,,
"Tron: Ares","2025","TLR","4DX","4DX","Disney","54sec",,"2025-07-23 오후 7:07",,,,,
"Predator: Badlands","2025","TLR","4DX","D/3","Disney","1min 59sec",,"2025-07-28 오후 2:02",,,,"https://www.imdb.com/video/vi3487352857",
"War 2","2025","TLR","4DX","IN2","Local-India","2min 35sec","2min 35sec","2025-07-31 오후 3:13",,,,"https://www.imdb.com/video/vi2361509913","Please check the trailer length as there is no separate version distinction."
"Zootopia 2","2025","TLR","4DX","C/2","Disney","2min 24sec",,"2025-07-31 오후 3:25",,,,"https://www.imdb.com/video/vi96978969",
"Family Sizzle","2025","TLR","SX",,"Universal","42sec",,"2025-07-31 오후 3:26",,,,,
"Mortal Kombat 2","2026","TLR","4DX","F1/2","Warner","2min 24sec","Red-Band","2025-08-21 오후 9:31",,,,"https://www.imdb.com/video/vi265930777",
"Mortal Kombat 2","2026","TLR","4DX","F2/3","Warner","2min 24sec","Green-Band","2025-08-21 오후 9:31",,,,,
"The Exit 8","2025","TLR","4DX","1","Local-Japan","1min 23sec",,"2025-08-21 오후 9:31",,,,"https://www.imdb.com/video/vi3191195673",
"The Silent Service 2","2025","TLR","4DX","1","Local-Japan","1min 30sec",,"2025-08-21 오후 9:31",,,,,
"The Conjuring: Last Rites","2025","TLR","SX","F1/1","Warner","2min 21sec",,"2025-08-21 오후 9:44",,,,"https://www.imdb.com/video/vi1017825305",
"Demon Slayer - Kimetsu no Yaiba - Infinity Castle","2025","TLR","4DX","3","Local-Japan","1min 25sec",,"2025-08-21 오후 9:55",,,,"https://www.imdb.com/video/vi869910553",
"TEST","2025","기타","4DX","TEST(Version)","TEST(Studio)",,,"2025-09-17 오전 11:36",,,,,
"Tron: Ares","2025","TLR","SX","L/2","Disney","2min 27sec",,"2025-09-18 오후 7:15",,,,"https://www.imdb.com/video/vi383371289",
"Zootopia 2","2025","TLR","4DX","G/3","Disney","2min 25sec",,"2025-10-02 오전 11:58",,,,"https://www.imdb.com/video/vi2316027929/?playlistId=tt26443597&ref_=ext_shr_lnk",
"Wicked: For Good","2025","TLR","4DX","H/4","Universal","2min 26sec",,"2025-10-02 오전 11:59",,,,"https://www.imdb.com/video/vi1745274905",
"Star Wars: The Mandalorian and Grogu","2026","TLR","4DX","A/1","Disney","1min 36sec",,"2025-10-13 오후 5:49",,,,"https://www.imdb.com/video/vi1006946329",
"Predator: Badlands","2025","TLR","4DX","4DX Bumper","Disney","54sec",,"2025-10-13 오후 5:56",,,,,
"G-DRAGON in Cinema [Übermensch]","2025","TLR","SX","F/TW","Local-Korea","30sec","The DCP will be distributed with the SX Wing.","2025-10-21 오전 11:41",,,,,
"Predator: Badlands","2025","TLR","SX","D/3","Disney","1min 59sec",,"2025-10-22 오후 12:24",,,,"https://www.imdb.com/video/vi3487352857",
"Predator: Badlands","2025","TLR","4DX","K/5","Disney","1min 56sec",,"2025-10-22 오후 1:43",,,,"https://www.imdb.com/video/vi1316210713",
"Wicked: For Good","2025","TLR","SX","H/4","Universal","2min 26sec",,"2025-10-22 오후 1:50",,,,"https://www.imdb.com/video/vi1745274905",
"Avatar: Fire and Ash","2025","TLR","4DX","D/2","Disney","2min 35sec",,"2025-10-23 오후 4:34",,,,"https://www.imdb.com/video/vi2953299993",
"Zootopia 2","2025","TLR","SX","G/3","Disney","2min 25sec",,"2025-11-13 오전 10:31",,,,"https://www.imdb.com/video/vi2316027929/?playlistId=tt26443597&ref_=ext_shr_lnk",
"Avatar: Fire and Ash","2025","TLR","4DX","4DX Spot/L","Disney","47sec",,"2025-11-13 오후 3:46",,,,,
,,,,,,,,"2025-11-13 오후 3:48",,,,,
"NATURE","0","Brand TLR","SX","EN-JP",,"60s","The DCP distribution is included for this asset. (made in 2025)","2025-11-14 오후 5:30","2025년 제작",,,,
"Unexpected Journey","2025","TLR","SX","JP",,,"The DCP will be distributed with the SX Wing.","2025-11-14 오후 5:30",,,,,
"Welcome Content-Unexpected Journey","2025","TLR","SX","OV",,,"The DCP will be distributed with the SX Wing.","2025-11-14 오후 5:30",,,,,
"Project Hail Mary","2026","TLR","4DX","E/3","Sony","2min 24sec",,"2025-11-18 오전 11:33",,,,,
"The Super Mario Galaxy Movie ","2026","TLR","4DX","4DX Spot/E","Universal","1min 02sec","E version = -24frames compared to OV","2025-11-18 오전 11:33",,,,,
"Wicked: For Good","2025","TLR","4DX","JP","Universal","60sec",,"2025-11-19 오후 2:02",,,,,
"Avatar: Fire and Ash","2025","TLR","SX","D/N/2","Disney","2min 35sec",,"2025-11-27 오후 1:53",,,,"https://www.imdb.com/video/vi2953299993",
"Avatar: Fire and Ash","2025","TLR","SX","Q/3","Disney","1min 17sec",,"2025-11-27 오후 1:54",,,,,"TLR-D cutdown version"
"NATURE","0","Brand TLR","SX","EN-TR",,"1m 5.875s","Only for ""EMAAR-SCREENX-BRANDTRL_ADV-1-2D_F_TR-XX_20_2K_20251126_MARS_OV""  *the additional scene back and forth ** -12frame offset compared with the OV wing.","2025-11-27 오후 4:23","This is only for the edited DCP from Turkiye CGV",,,,
"EVOLUTION","0","Brand TLR","SX","JP",,"60s","The DCP distribution is included for this asset. (made in 2022)","2025-12-03 오후 3:18","2022년 제작",,,,
"Send Help","2026","TLR","4DX","B/2","Disney","2min 14sec",,"2025-12-12 오후 2:51",,,,,
"Star Wars: The Mandalorian and Grogu","2026","TLR","4DX","B/2","Disney","1min 39sec",,"2025-12-12 오후 2:51",,,,,
"Moana 2026","2026","TLR","4DX","A/1/3","Disney","1min 1sec",,"2025-12-12 오후 2:53",,,,"https://www.imdb.com/video/vi239323161",
"Hoppers","2026","TLR","4DX","E/3","Disney","2min 25sec",,"2025-12-12 오후 2:53",,,,,
"Star Wars: The Mandalorian and Grogu","2026","TLR","4DX","C/3","Disney","1min 46sec",,"2025-12-12 오후 2:59",,,,,
"28 Years Later: The Bone Temple","2026","TLR","SX","A/1","Sony","2min 2sec",,"2025-12-19 오후 7:05",,,,"https://www.imdb.com/video/vi1194248217",
"Kung Fu","2026","TLR","4DX","B","Local-Taiwan","1min 9sec",,"2025-12-19 오후 7:05",,,,,
"Burning Highway","0","Brand TLR","4DX","EN-XX",,"92sec","w/DCP+Code","2026-01-14 오전 11:49",,,,,
"Burning Highway","0","Brand TLR","4DX","()",,"92sec","Please use this when you need to localize DCP","2026-01-14 오전 11:52",,,,,
"Burning Highway","0","Brand TLR","4DX","EN-KR",,"92sec","w/DCP+Code","2026-01-14 오전 11:57",,,,,
"Send Help","2026","TLR","SX","B/2","Disney","2min 14sec",,"2026-01-16 오후 3:49",,,,,
"Kung Fu","2026","TLR","4DX","D","Local-Taiwan","2min 6sec",,"2026-01-21 오후 4:54",,,,,
"Demon Slayer - Kimetsu no Yaiba - Infinity Castle","2026","TLR","SX","30s","Local-Japan","30sec",,"2026-01-21 오후 5:04",,,,,
"Doraemon the Movie: New Novita And The Castle Of The Undersea Devil","2026","TLR","4DX","JP","Local-Japan","1min",,"2026-01-28 오후 3:06",,,,,
"NATURE","0","Brand TLR","SX","MY_XX",,"60s","The DCP distribution is included for this asset. (made in 2025), Same synchronization for OV","2026-01-29 오후 6:33","2025년 제작",,,,
"Kung Fu","2026","TLR","ULTRA","Welcome","Local-Taiwan","3min","The DCP will be distributed with the SX Wing (No Code)","2026-02-02 오후 3:08",,,,,
"Kung Fu","2026","TLR","SX","Welcome","Local-Taiwan","3min","The DCP will be distributed with the SX Wing.","2026-02-02 오후 3:08",,,,,
"Project Hail Mary","2026","TLR","4DX","4","Sony","40sec","Korea ONLY","2026-02-12 오후 1:52",,,,,
"Burning Highway","0","Brand TLR","4DX","EN-XX_60sec",,"60sec","w/DCP+Code","2026-02-20 오후 2:43",,,,,
"Project Hail Mary","2026","TLR","4DX","2","Sony","2min 30sec",,"2026-03-04 오후 4:59",,,,,
"Project Hail Mary","2026","TLR","4DX","H","Sony","1min 32sec",,"2026-03-04 오후 4:59",,,,,
"Project Hail Mary","2026","TLR","4DX","J","Sony","2min 23sec",,"2026-03-04 오후 4:59",,,,,
"Project Hail Mary","2026","TLR","SX","E/3","Sony","2min 24sec",,"2026-02-24 오전 10:06",,,,,
,,,,,,,,"2026-02-24 오전 10:13",,,,,
"Burning Highway","0","Brand TLR","4DX","FR",,"92sec","w/DCP+Code","2026-02-25 오전 10:19",,,,,
"Burning Highway","0","Brand TLR","4DX","BE",,"92sec","w/DCP+Code","2026-02-25 오전 10:19",,,,,
"Burning Highway","0","Brand TLR","4DX","LAS",,"92sec","w/DCP+Code","2026-02-25 오전 10:19",,,,,
"Burning Highway","0","Brand TLR","4DX","PT",,"92sec","w/DCP+Code","2026-02-25 오전 10:19",,,,,
"Burning Highway","0","Brand TLR","4DX","CN",,"92sec","w/DCP+Code","2026-02-25 오전 10:19",,,,,
"Burning Highway","0","Brand TLR","4DX","TR",,"92sec","w/DCP+Code","2026-02-25 오전 10:22",,,,,
"Burning Highway","0","Brand TLR","4DX","TW",,"92sec","w/DCP+Code","2026-02-25 오전 10:22",,,,,
"Burning Highway","0","Brand TLR","4DX","BA",,"92sec","w/DCP+Code","2026-02-25 오전 10:29",,,,,
"Burning Highway","0","Brand TLR","4DX","RS",,"92sec","w/DCP+Code","2026-02-25 오전 10:29",,,,,
"Burning Highway","0","Brand TLR","4DX","HR",,"92sec","w/DCP+Code","2026-02-25 오전 10:29",,,,,
"Burning Highway","0","Brand TLR","4DX","KV",,"92sec","w/DCP+Code","2026-02-25 오전 10:29",,,,,
"Project Hail Mary","2026","TLR","4DX","B/1","Sony","2min 28sec",,"2026-02-26 오후 4:20",,,,,
"Burning Highway","0","Brand TLR","4DX","EN-XX_45sec",,"45sec","w/DCP+Code","2026-02-27 오전 9:16",,,,,
"Toy Story 5","2026","TLR","4DX","B/3","Disney","2min 26sec",,"2026-03-04 오후 5:06",,,,"https://www.imdb.com/video/vi1592511257",
"Star Wars: The Mandalorian and Grogu","2026","TLR","4DX","H/5","Disney","2min 12sec",,"2026-03-04 오후 5:14",,,,"https://www.imdb.com/video/vi99142425/",
"ULTRA 4DX","0","Brand TLR","ULTRA","EN-TW",,"68s","DCP, 4DX Code and SX Wing will be distributed for this request. (ONLY FLAT)","2026-03-04 오후 5:23","2026년 제작",,,,
"ULTRA 4DX","0","Brand TLR","ULTRA","TW_30s",,"30s","This is only for 2D screening in TW-Showtime.     There's no any 4DX codes or SX wings.","2026-03-04 오후 5:23","2026년 제작",,,,
"The Super Mario Galaxy Movie ","2026","TLR","4DX","L","Universal","1min 1sec",,"2026-03-16 오전 10:59",,,,,
"The Super Mario Galaxy Movie ","2026","TLR","4DX","J/3","Universal","2min 26sec",,"2026-03-16 오전 11:09",,,,"https://www.imdb.com/video/vi1390398233/",
"The Super Mario Galaxy Movie ","2026","TLR","SX","J/3","Universal","2min 26sec",,"2026-03-16 오전 11:10",,,,"https://www.imdb.com/video/vi1390398233/",
"Biker","2026","TLR","4DX","IN","Local-India","2min 49sec",,"2026-03-19 오후 8:54",,,,,
"Mortal Kombat 2","2026","TLR","4DX","F5/4","Warner","2min 28sec",,"2026-03-20 오전 11:41",,,,"https://www.imdb.com/video/vi1423100697/",
"TEST","2025","기타","SX","TEST(Version)","TEST(Studio)",,,"2026-03-23 오후 3:37",,,,,
"The Super Mario Galaxy Movie ","2026","TLR","SX","Entrance/OV","Universal",,"EMEA (ONLY Wing/DCP UPI)","2026-03-26 오전 11:19",,,,,
"Spider-Man: Brand New Day","2026","TLR","4DX","A/1","Sony","2min 35sec",,"2026-04-01 오후 3:30",,,,"https://www.imdb.com/video/vi281856793/",
"SAKAMOTO DAYS (Live Action)","2026","TLR","SX","30s","Local-Japan","30sec",,"2026-04-02 오후 4:58",,,,,
"Michael","2026","TLR","4DX","D/2","Lionsgate/Universal","2min 18sec",,"2026-04-02 오후 5:34",,,,"https://www.imdb.com/video/vi3069692697/",
"Star Wars: The Mandalorian and Grogu","2026","TLR","4DX","R/4","Disney","2min 13sec",,"2026-04-02 오후 5:34",,,,"https://www.imdb.com/video/vi99142425/",
"Lee Cronin's The Mummy","2026","TLR","SX","F2/2","Warner","2min 25sec",,"2026-04-07 오전 10:01",,,,"https://www.imdb.com/video/vi3370765081/",
"Michael","2026","TLR","SX","D/2","Lionsgate/Universal","2min 18sec",,"2026-04-07 오전 10:05",,,,"https://www.imdb.com/video/vi3069692697/",
"Phi Phong: The Blood Demon","2026","TLR","4DX","VN","Local-VN","1min 41sec",,"2026-04-08 오전 8:59",,,,,
"Moana 2026","2026","TLR","4DX","C/D/4","Disney","2min 21sec",,"2026-04-08 오후 2:17",,,,"https://www.imdb.com/video/vi4258188057/",
"Lee Cronin's The Mummy","2026","TLR","4DX","F2/2","Warner","2min 25sec",,"2026-04-10 오후 2:36",,,,"https://www.imdb.com/video/vi3370765081/",
"The Super Mario Galaxy Movie ","2026","TLR","SX","2_JP","Universal","60s","JP ONLY","2026-04-14 오전 11:29",,,,,
"SAKAMOTO DAYS (Live Action)","2026","TLR","4DX","30s","Local-Japan","30sec",,"2026-04-20 오후 3:51",,,,,
"Spider-Man: Brand New Day","2026","TLR","4DX","D","Sony","2min 28sec",,"2026-04-22 오전 11:06",,,,,
"NATURE","0","Brand TLR","SX","JP",,"60s","The DCP distribution is included for this asset. (made in 2026)","2026-04-22 오후 4:10","2026년 제작",,,,
"Star Wars: The Mandalorian and Grogu","2026","TLR","SX","R/4","Disney","2min 13sec",,"2026-04-22 오후 7:11",,,,"https://www.imdb.com/video/vi99142425/",
"The Devil Wears Prada 2","2026","TLR","SX","B/2","Disney","1min 39sec",,"2026-04-24 오전 10:59",,,,"https://www.imdb.com/video/vi737856281/",
"Street Fighter","2026","TLR","4DX","A/1","Paramount","2min 28sec",,"2026-04-27 오후 3:53",,"Y",,,
"Stray Kids: The dominATE Experience","2026","TLR","4DX","JP","Local-Korea",,"JP ONLY","2026-04-27 오후 3:59",,,,,
"Supergirl","2026","TLR","4DX","F4/5","Warner","2min 24sec",,"2026-04-30 오전 11:09",,,,,
"Mortal Kombat 2","2026","TLR","SX","F5/4","Warner","2min 28sec",,"2026-05-04 오전 8:49",,,,"https://www.imdb.com/video/vi1423100697/",
"Detective Conan: Fallen Angel of the Highway","2026","기타","SX","Special","Local-Japan",,"This is only for the special screening at 6th May 2026 on Yokohama Burg13.  The wing will be provided with the DCP.","2026-05-04 오전 9:35",,,,,
"Sky Dive (92sec)","0","Brand TLR","4DX","EN-XX",,"92sec","w/DCP+Code","2026-05-08 오후 3:51",,,,,
"Sky Dive (60sec)","0","Brand TLR","4DX","EN-XX",,"60sec","w/DCP+Code","2026-05-08 오후 3:52",,,,,
"Sky Dive (45sec)","0","Brand TLR","4DX","EN-XX",,"45sec","w/DCP+Code","2026-05-08 오후 3:52",,,,,
"Sky Dive (92sec)","0","Brand TLR","4DX","EN-KR",,"92sec","w/DCP+Code","2026-05-08 오후 3:54",,,,,
"Sky Dive (92sec)","0","Brand TLR","ULTRA","EN-KR",,"92sec","w/DCP+Code+Wing","2026-05-08 오후 3:54",,,,,
"Sky Dive (92sec)","0","Brand TLR","ULTRA","EN-XX",,"92sec","w/DCP+Code+Wing","2026-05-08 오후 3:55",,,,,
"Spider-Man: Brand New Day","2026","TLR","SX","A/1","Sony","2min 35sec",,"2026-05-14 오후 4:08",,,,"https://www.imdb.com/video/vi281856793/",
"Michael","2026","TLR","SX","SX","Lionsgate/Universal","60s","ONLY JP","2026-05-18 오전 9:32",,,,,
"Michael","2026","TLR","4DX","SX","Lionsgate/Universal","60s","ONLY JP","2026-05-18 오전 9:32",,,,,
"Star Wars: The Mandalorian and Grogu","2026","TLR","SX","Entrance/JP","Disney","45s","JP ONLY","2026-05-19 오전 9:02",,,,,
"Sky Dive (92sec)","0","Brand TLR","4DX","TW",,"92sec","w/DCP+Code","2026-05-22 오후 2:04",,,,,
"Minions & Monsters","2026","TLR","4DX","D-SAFE/2-SAFE","Universal","2min 27sec",,"2026-05-28 오후 6:47",,,,"https://www.imdb.com/video/vi2417675033/",
"Minions & Monsters","2026","TLR","4DX","D/2","Universal","2min 27sec",,"2026-05-28 오후 6:47",,,,,
"Minions & Monsters","2026","TLR","4DX","A/1","Universal","2min 11sec",,"2026-05-28 오후 6:47",,,,"https://www.imdb.com/video/vi1407240985/",
"Minions & Monsters","2026","TLR","4DX","G","Universal","1min 2sec",,"2026-05-28 오후 6:47",,,,,
"Minions & Monsters","2026","TLR","4DX","H","Universal","1min 2sec",,"2026-05-28 오후 6:48",,,,,
"Michael","2026","TLR","SX","Entrance/JP","Lionsgate/Universal","60s","ONLY JP","2026-06-01 오전 10:27",,,,,
"Supergirl","2026","기타","4DX","CLP","Warner",,"Special Screening","2026-06-02 오후 2:49",,,,,
"Toy Story 5","2026","TLR","SX","B/3","Disney","2min 26sec",,"2026-06-02 오후 4:12",,,,"https://www.imdb.com/video/vi1592511257/","FLAT ONLY"
"Toy Story 5","2026","TLR","SX","Entrance/OV","Disney","30sec",,"2026-06-09 오후 4:04",,,,,
"ENHYPEN : IMMERSION IN CINEMAS","2026","TLR","4DX","JP","Local-Korea",,"ONLY JP","2026-06-09 오후 4:32",,,,,
"Minions & Monsters","2026","TLR","SX","A/1","Universal","2min 11sec",,"2026-06-11 오후 5:31",,,,"https://www.imdb.com/video/vi1407240985/",
"Supergirl","2026","TLR","SX","F4/5","Warner","2min 24sec",,"2026-06-11 오후 5:33",,,,,
"Spider-Man: Brand New Day","2026","TLR","SX","4/J","Sony","2min 22sec",,"2026-06-15 오전 11:19",,,,,
"Spider-Man: Brand New Day","2026","TLR","4DX","4/J","Sony","2min 22sec",,"2026-06-15 오후 5:26",,,,,
"Toy Story 5","2026","TLR","SX","Entrance/JP_0703","Disney","30sec","ONLY JP - Dated_0703 version","2026-06-18 오전 11:55",,,,,
"Toy Story 5","2026","TLR","SX","Entrance/JP_NOW","Disney","30sec","ONLY JP - Dated_Now version","2026-06-18 오전 11:55",,,,,
"Moana 2026","2026","TLR","4DX","N/P/5","Disney","2min 11sec",,"2026-06-19 오전 11:17",,,,"https://www.imdb.com/video/vi105367577/",
"Fast and Furious","2026","TLR","4DX","1","Universal","1min 1sec",,"2026-06-19 오전 11:18",,,,,
"Fast and Furious","2026","TLR","4DX","A","Universal","59sec",,"2026-06-19 오전 11:18",,,,,
"The Dog Stars","2026","TLR","4DX","2","Disney","2min 30sec",,"2026-06-19 오전 11:21",,,,"https://www.imdb.com/video/vi595249945/",
"Kingdom 5","2026","TLR","SX","2","Local-Japan",,,"2026-06-19 오후 6:17",,,,,
"Kingdom 5","2026","TLR","4DX","2","Local-Japan",,,"2026-06-19 오후 6:18",,,,,
"Minions & Monsters","2026","TLR","SX","1-SX_JP","Universal","2min 7sec","ONLY JP / It differs from the A/1 version in only one cut.","2026-06-24 오전 7:53",,,,,
"Moana 2026","2026","TLR","SX","C/D/4","Disney","2min 21sec",,"2026-06-26 오전 10:09",,,,"https://www.imdb.com/video/vi4258188057/",
"The End of Oak Street","2026","TLR","4DX","F4","Warner","2min 7sec",,"2026-06-30 오후 4:43",,,,,
"The End of Oak Street","2026","TLR","4DX","2=3","Warner","2min 26sec",,"2026-06-30 오후 4:43",,,,"https://www.imdb.com/video/vi3597781785",
"Minions & Monsters","2026","TLR","SX","Entrance","Disney","30sec",,"2026-06-30 오후 4:46",,,,,
"Forgotten Island","2026","TLR","4DX","E","Universal","2min 22sec",,"2026-07-02 오전 9:02",,,,"https://www.imdb.com/video/vi1147652889",
"Danjiri Festival","2026","TLR","4DX","Pave","Local-Japan","15sec","①第1弾特報15秒","2026-07-02 오전 9:05",,,,,
"Spider-Man: Brand New Day","2026","TLR","SX","Welcome/JP","Sony","32sec","The DCP distribution is included for this asset.","2026-07-09 오전 11:26",,,,,
"Spider-Man: Brand New Day","2026","TLR","SX","Welcome","Sony",,,"2026-07-09 오전 11:26",,,,,
"The Confession of Shaman","2026","TLR","4DX","TH","Local-Thai","2min 03sec",,"2026-07-09 오후 1:58",,,,,
"Cosmic Princess Kaguya!","2026","TLR","4DX","JP","Local-Japan","30s",,"2026-07-14 오전 8:34",,,,,
"Spider-Man: Brand New Day","2026","TLR","SX","Takeover wing","Sony","1min 32sec","with DCP","2026-07-20 오후 4:13",,,,,
"Zero Meets Hero","2026","TLR","4DX","3","Local-Vietnam",,,"2026-07-21 오전 9:01",,,,,
"Street Fighter","2026","TLR","4DX","4DX Bumper","Paramount","1min 12sec",,"2026-07-21 오후 2:42",,"Y",,,
"The Dog Stars","2026","TLR","SX","2/K","Disney","2min 28sec",,"2026-07-23 오후 4:49",,,,"https://www.imdb.com/video/vi595249945/",
"The End of Oak Street","2026","TLR","SX","F4","Warner","2min 7sec",,"2026-07-23 오후 11:57",,,,,
"The End of Oak Street","2026","TLR","SX","2","Warner","2min 26sec",,"2026-07-28 오후 6:24",,,,"https://www.imdb.com/video/vi3597781785",
"Avengers: Doomsday","2026","TLR","4DX","5/E","Disney","2min 25sec",,"2026-07-28 오후 6:26",,"Y",,"https://www.imdb.com/video/vi239258393/",
"Death Whisperer: Saming the Werebeast","2026","TLR","4DX","TH","Local-Thai","1min 35sec",,"2026-08-07 오전 9:29",,,,,
"Thumbelina (92sec)","0","Brand TLR","4DX","EN-KR",,"92sec","w/DCP+Code","2026-08-10 오후 7:23",,,,,
"Thumbelina (92sec)","0","Brand TLR","4DX","EN-XX",,"92sec","w/DCP+Code","2026-08-10 오후 7:22",,,,,
"Thumbelina (92sec)","0","Brand TLR","ULTRA","EN-KR",,"92sec","w/DCP+Code+Wing","2026-08-10 오후 7:23",,,,,
"Thumbelina (60sec)","0","Brand TLR","4DX","EN-XX",,"60sec","w/DCP+Code","2026-08-10 오후 7:23",,,,,
"Thumbelina (45sec)","0","Brand TLR","4DX","EN-XX",,"45sec","w/DCP+Code","2026-08-10 오후 7:23",,,,,
"Thumbelina (92sec)","0","Brand TLR","ULTRA","EN-XX",,"92sec","w/DCP+Code+Wing","2026-08-10 오후 7:23",,,,,
"Thumbelina (60sec)","0","Brand TLR","ULTRA","EN-XX",,"92sec","w/DCP+Code+Wing","2026-08-10 오후 7:23",,,,,
"Thumbelina (45sec)","0","Brand TLR","ULTRA","EN-XX",,"92sec","w/DCP+Code+Wing","2026-08-10 오후 7:24",,,,,
"Cosmic Princess Kaguya!","2026","TLR","SX","30s","Local-Japan","30s",,"2026-08-11 오전 8:42",,,,,
"Avengers: Doomsday","2026","TLR","SX","5/J/E","Disney","2min 25sec",,"2026-08-13 오후 2:26",,"Y",,"https://www.imdb.com/video/vi239258393/",
"Resident Evil","2026","TLR","4DX","4/F","Sony","2min 26sec",,"2026-08-18 오후 10:13",,,,"https://www.imdb.com/video/vi3829713689/",
"Forgotten Island","2026","TLR","SX","2","Universal","2min 31sec",,"2026-09-02 오전 8:53",,,,,
"Resident Evil","2026","TLR","SX","4/F","Sony","2min 26sec",,"2026-09-02 오후 9:29",,,,"https://www.imdb.com/video/vi3829713689/",
"Avengers: Doomsday","2026","TLR","SX","6/U","Disney","2min 12sec",,"2026-09-02 오후 9:30",,"Y",,"https://www.imdb.com/video/vi4290562585/",
"Resident Evil","2026","TLR","SX","S","Sony","2min 26sec","ONLY JP","2026-09-03 오후 2:10",,,,,
"Street Fighter","2026","TLR","SX","A/1","Paramount","2min 28sec",,"2026-09-14 오후 11:54",,"Y",,,
"Avengers ENDGAME Encore","2026","TLR","4DX","E","Disney","1min 39sec",,"2026-09-14 오후 11:55",,"Y",,"https://www.imdb.com/video/vi3769027097",
"Avengers ENDGAME Encore","2026","TLR","SX","E","Disney","1min 39sec",,"2026-09-15 오후 6:43",,"Y","1","https://www.imdb.com/video/vi3769027097",
"Avengers: Doomsday","2026","TLR","4DX","6/U/Q/N(JP)","Disney","2min 12sec",,"2026-09-15 오후 6:49",,"Y","1","https://www.imdb.com/video/vi4290562585/",
"Avengers: Doomsday","2026","TLR","4DX","P","Disney","90sec","ONLY JP","2026-09-15 오후 6:49",,,,,
"Whalefall","2026","TLR","4DX","3/G","Disney","1min 37sec",,"2026-09-15 오후 9:50",,"Y","1","https://www.imdb.com/video/vi999737881",
"Clayface","2026","TLR","4DX","3/F2","Warner","2min 26sec",,"2026-09-15 오후 9:50",,"Y","1","https://www.imdb.com/video/vi725928729",
"Street Fighter","2026","TLR","4DX","6/D","Paramount","2min 27sec",,"2026-09-15 오후 9:50",,"Y","1",,
,,,,,,,,"2026-09-15 오후 10:05",,,,,
