"Territory","R_Format","R_Country","R_Exhibitor","R_Recipient","R_CC","R_CC_BAEPO","R_CC_Lineup-Manager","R_4dxlink","R_Sender_Email","R_Sender","Remarks"
"Australia-Event Cinemas","SCREENX","Australia","Event Cinemas","Carlos_Cardenas@evt.com;claire_gandy@evt.com;Glenn_Cooley@evt.com;Macarthur_Projection@evt.com;Peter_Sewell@evt.com;robina_projection@evt.com;samuel_bird@evt.com;stephen_head@evt.com;michael_briggs@evt.com;Kieren_davies@evt.com;loganholme_projection@evt.com",,";dajeong.jang@cj.net;4dx_cs@cj.net;jihun.kim20@cj.net",";kj.small@cj.net",";content.support@cj.net",";content.support@cj.net",,
"Australia-Hoyts Cinema","SCREENX","Australia","Hoyts Cinema","rleong@hoyts.com.au;sgriesberg@hoyts.com.au",,";dajeong.jang@cj.net;4dx_cs@cj.net;jihun.kim20@cj.net",";kj.small@cj.net",";content.support@cj.net",";content.support@cj.net",,
"Austria-HMP","SCREENX","Austria","HMP","f.hueber@megaplex.at;l.frisch@megaplex.at;m.tober@megaplex.at;c.frosch@megaplex.at;office@megaplex.at",,";dajeong.jang@cj.net;4dx_cs@cj.net;jihun.kim20@cj.net",";frankie.crane@cj.net",";content.support@cj.net",";content.support@cj.net",,
"Azerbaijan-Cinema Plus","SCREENX","Azerbaijan","Cinema Plus","aydan.sadigova@cinemaplus.az;elxan.rahimov@cpoffice.az;28.mexanik@cpoffice.az;seymur.akhmedov@cinemaplus.az",,";dajeong.jang@cj.net;4dx_cs@cj.net;jihun.kim20@cj.net",";kj.small@cj.net;gyeongmin.lee@cj.net",";content.support@cj.net",";content.support@cj.net",,
"Belgium-Kinepolis","SCREENX","Belgium","Kinepolis","pantwerpen@kinepolis.com;bdekleine@kinepolis.com;hvandepoel@kinepolis.com;svandevel@kinepolis.com;olinotte@kinepolis.com;pimagibraine@kinepolis.com;anan@kinepolis.com;sgyselbrecht@kinepolis.com;jtop@kinepolis.com;pbrussel@kinepolis.com;pkortrijk@kinepolis.com;pliege@kinepolis.com;phasselt@kinepolis.com;pgent@kinepolis.com",,";dajeong.jang@cj.net;4dx_cs@cj.net;jihun.kim20@cj.net",";frankie.crane@cj.net",";content.support@cj.net",";content.support@cj.net",,
"Bosnia and Herzegovina-Blitz Cinestar","SCREENX","Bosnia and Herzegovina","Blitz Cinestar","Operateri.Arena@cinestarcinemas.eu;NOC@cinestarcinemas.eu",,";dajeong.jang@cj.net;4dx_cs@cj.net;jihun.kim20@cj.net",";frankie.crane@cj.net","content.support@cj.net","content.support@cj.net",,
"Bulgaria-Cineland","SCREENX","Bulgaria","Cineland","g.genchev@cineland.bg;milko@cineland.bg;bojidar@cineland.bg",,";dajeong.jang@cj.net;4dx_cs@cj.net;jihun.kim20@cj.net",";frankie.crane@cj.net",";content.support@cj.net",";content.support@cj.net",,
"Cambodia-Legend Cinema","SCREENX","Cambodia","Legend Cinemas","sothun@legend.com.kh;projection.eden@legend.com.kh;Projection.ol@legend.com.kh;Sokheng@legend.com.kh",,";dajeong.jang@cj.net;4dx_cs@cj.net;jihun.kim20@cj.net",";healin.hwang@cj.net",";content.support@cj.net",";content.support@cj.net",,
"Cambodia-Major Platinum Cineplex","SCREENX","Cambodia","Major Cineplex","projection_cpo@sabaycinema.com",,";dajeong.jang@cj.net;4dx_cs@cj.net;jihun.kim20@cj.net",";healin.hwang@cj.net",";content.support@cj.net",";content.support@cj.net",,
"Canada-Cineplex","SCREENX","Canada","Cineplex","7415@cineplex.com;9406@cineplex.com;7411@cineplex.com;3401@cineplex.com;9408@cineplex.com;9177@cineplex.com;elvis.wong@cineplex.com;peter.crouch@cineplex.com;7260@cineplex.com;7406@cineplex.com;jason.strachan@cineplex.com;krystal.glenn@cineplex.com;7408@cineplex.com;1405@cineplex.com;2401@cineplex.com;3403@cineplex.com;3144@cineplex.com;5130@cineplex.com;victor.valle@cineplex.com;1422@cineplex.com;9406gm@cineplex.com;7411gm@cineplex.com;9408gm@cineplex.com;1412@cineplex.com;7424@cineplex.com;9185@cineplex.com;3142gm@cineplex.com;1405gm@cineplex.com;2401gm@cineplex.com;Thea.Dioses@cineplex.com;5130gm@cineplex.com;7402@cineplex.com;Dominic.Lo@cineplex.com;1412gm@cineplex.com;9185gm@cineplex.com;3142@cineplex.com;7404@cineplex.com",,";dajeong.jang@cj.net;4dx_cs@cj.net;jihun.kim20@cj.net",";brett.deacon@cj.net;j.laguidice@cj.net",";content.support@cj.net",";content.support@cj.net",,
"Canada-Landmark","SCREENX","Canada","Landmark","Lcc100-all@landmarkcinemas.com;Lcc204-all@landmarkcinemas.com;Lcc502-all@landmarkcinemas.com;Lcc503-all@landmarkcinemas.com;Projectionoperations@landmarkcinemas.com",,";dajeong.jang@cj.net;4dx_cs@cj.net;jihun.kim20@cj.net",";brett.deacon@cj.net;j.laguidice@cj.net",";content.support@cj.net",";content.support@cj.net",,
"Colombia-Procinal","SCREENX","Colombia","Procinal","proyeccion3digital@procinal.com;asistenteproyeccion@procinal.com;dianaagudelo@procinal.com;proyectostecnologia@procinal.com",,";dajeong.jang@cj.net;4dx_cs@cj.net;jihun.kim20@cj.net",";l.orozco@cj.net",";content.support@cj.net",";content.support@cj.net",,
"Croatia-Blitz Cinestar","SCREENX","Croatia","Blitz Cinestar","Operateri.Arena@cinestarcinemas.eu;NOC@cinestarcinemas.eu",,";dajeong.jang@cj.net;4dx_cs@cj.net;jihun.kim20@cj.net",";frankie.crane@cj.net","content.support@cj.net","content.support@cj.net",,
"Egypt-Galaxy Cinemas","SCREENX","Egypt","Galaxy Cinemas","yousrygolf@gmail.com;hussien.nagiub@scenecinemas.com;Galaxy.cfc.kdm@gmail.com",,";dajeong.jang@cj.net;4dx_cs@cj.net;jihun.kim20@cj.net",";kj.small@cj.net",";content.support@cj.net",";content.support@cj.net",,
"France-Cineplanet","SCREENX","France","Cineplanet","f.briquet@cineplanet.fr;kdm@cineum-cannes.fr;kdm.ales@cineplanet.fr;kdm.salon@cineplanet.fr;kdm.lesarcades.salon@gmail.com;l.mosse@cineplanet.fr",,";dajeong.jang@cj.net;4dx_cs@cj.net;jihun.kim20@cj.net",";frankie.crane@cj.net",";content.support@cj.net",";content.support@cj.net",,
"France-Kinepolis","SCREENX","France","Kinepolis","lpesci@kinepolis.com;projection.beziers@kinepolis.com;bpaccoud@kinepolis.com;brobin@kinepolis.com;cnivard@kinepolis.com;fcarre@kinepolis.com;plomme@kinepolis.com;lsikora@kinepolis.com;nklein@kinepolis.com;pnancy@kinepolis.com;projection.bretigny@kinepolis.com;projection.metz@kinepolis.com;rdouel@kinepolis.com;mgodard@kinepolis.com;pmulhouse@kinepolis.com;vboy@kinepolis.com;projection.fenouillet@kinepolis.com;dbonnet@kinepolis.com;mboudal@kinepolis.com;adecouet@kinepolis.com;projection.bourgoin@kinepolis.com",,";dajeong.jang@cj.net;4dx_cs@cj.net;jihun.kim20@cj.net",";frankie.crane@cj.net",";content.support@cj.net",";content.support@cj.net",,
"Georgia-Cavea","SCREENX","Georgia","Cavea","irina@rustaveli.com.ge;ninos@rustaveli.com.ge;caveagalleria@gmail.com",,";dajeong.jang@cj.net;4dx_cs@cj.net;jihun.kim20@cj.net",";gyeongmin.lee@cj.net",";content.support@cj.net",";content.support@cj.net",,
"Germany-Cineplex Mannheim","SCREENX","Germany","Cineplex Mannheim","arzu.oentuerkler@cineplex-mannheim.de",,";dajeong.jang@cj.net;4dx_cs@cj.net;jihun.kim20@cj.net",";frankie.crane@cj.net",";content.support@cj.net",";content.support@cj.net",,
"Germany-Filmpalast","SCREENX","Germany","Filmpalast","kassel@filmpalast.de;projektion.kassel@filmpalast.de;markusspickermann@filmpalast.de;nilsrannenberg@filmpalast.de",,";dajeong.jang@cj.net;4dx_cs@cj.net;jihun.kim20@cj.net",";frankie.crane@cj.net",";content.support@cj.net",";content.support@cj.net",,
"Germany-Odeon","SCREENX","Germany","Odeon","eastsidegallerypro@uci-kinowelt.de",,";dajeong.jang@cj.net;4dx_cs@cj.net;jihun.kim20@cj.net",";frankie.crane@cj.net",";content.support@cj.net",";content.support@cj.net",,
"Hong Kong-CGV","SCREENX","Hong Kong","CGV","eric.cheng@cj.net;kris.ng@cj.net;rayman.chan@cj.net",,";dajeong.jang@cj.net;4dx_cs@cj.net;jihun.kim20@cj.net",";ming.yan@cj.net",";content.support@cj.net",";content.support@cj.net",,
"Hungary-CCI","SCREENX","Hungary","CCI","arena@cinemacity.hu;arena-gephaz@cinemacity.hu;filmdep@cinemacity.hu",,";dajeong.jang@cj.net;4dx_cs@cj.net;jihun.kim20@cj.net",";frankie.crane@cj.net",";content.support@cj.net",";content.support@cj.net",,
"India-INOX","SCREENX","India","INOX","engalurutms.moa@inoxmovies.com;kolkataengg.quest@inoxmovies.com;mahesh.rawool@inoxmovies.com;delhiengg.jasola@inoxmovies.com;mumbaiengg.malad@inoxmovies.com;samir.das@inoxmovies.com;santanu.choudhury@inoxmovies.com;subrata.sadhukhan@inoxmovies.com;shital.arekar@inoxmovies.com;tushar.narkhede@inoxmovies.com;nityanand.naik@inoxmovies.com;avdhut1.kulkarni@pvrcinemas.com;prasad.gk@pvrcinemas.com;rahul.kumar@pvrcinemas.com;engg.moabangalore@pvrinox.com;bengaluruengg.moa@inoxmovies.com;shibu.paul@pvrinox.com",,";dajeong.jang@cj.net;4dx_cs@cj.net;jihun.kim20@cj.net",";rh.joung@cj.net;pranay.raj1@cj.net",";content.support@cj.net",";content.support@cj.net",,
"Indonesia-CGV Indonesia","SCREENX","Indonesia","CGV Indonesia","lulu.fahrul@cj.net;iwan.juli@cj.net;r.afifudin@cj.net;aditya.cahya@cj.net;cgvhm@cjintra.net",,";dajeong.jang@cj.net;4dx_cs@cj.net;jihun.kim20@cj.net",";healin.hwang@cj.net",";content.support@cj.net",";content.support@cj.net",,
"Israel-CCI","SCREENX","Israel","CCI","dan@forumfilm.co.il;machsan@forumfilm.co.il;ravit@rav-hen.com;amit.d@planetcinema.co.il",,";dajeong.jang@cj.net;4dx_cs@cj.net;jihun.kim20@cj.net",";frankie.crane@cj.net",";content.support@cj.net",";content.support@cj.net",,
"Italy-Odeon","SCREENX","Italy","Odeon","arcangeli@cinemas.it;mini@cinemas.it;vella@cinemas.it;vianello@cinemas.it;saponeri@cinemas.it;ucimarcon@odeon.com",,";dajeong.jang@cj.net;4dx_cs@cj.net;jihun.kim20@cj.net",";frankie.crane@cj.net",";content.support@cj.net",";content.support@cj.net",,
"Japan-Cinema Sunshine","SCREENX","Japan","Cinema Sunshine","grand@cinemasunshine.co.jp;kahoku@cinemasunshine.co.jp;lalaportnumazu@cinemasunshine.co.jp;masaki@cinemasunshine.co.jp;shimonoseki@cinemasunshine.co.jp;skim@cinemasunshine.co.jp;ksaito@cinemasunshine.co.jp;a.shimizu@cinemasunshine.co.jp;y.kurosawa@cinemasunshine.co.jp;t.oguri@cinemasunshine.co.jp",,";dajeong.jang@cj.net;4dx_cs@cj.net;jihun.kim20@cj.net",";bumyong.lee@cj.net;rh.joung@cj.net;y.ishikura@cj.net",";content.support@cj.net",";content.support@cj.net",,
"Japan-Earth Cinemas","SCREENX","Japan","Earth Cinemas","sakata@earthcinemas.co.jp",,";dajeong.jang@cj.net;4dx_cs@cj.net;jihun.kim20@cj.net",";bumyong.lee@cj.net;rh.joung@cj.net;y.ishikura@cj.net",";content.support@cj.net",";content.support@cj.net",,
"Japan-T-JOY","SCREENX","Japan","T-JOY","kyoto@t-joy.jp;kyoto-pj@t-joy.jp;tokorozawa@t-joy.jp;tokorozawa-pj@t-joy.jp;tjoy-scx@t-joy.jp;tjoy-pj@t-joy.jp;burg13@t-joy.jp;burg13-pj@t-joy.jp;soga-pj@t-joy.jp;soga@t-joy.jp",,";dajeong.jang@cj.net;4dx_cs@cj.net;jihun.kim20@cj.net",";bumyong.lee@cj.net;rh.joung@cj.net;y.ishikura@cj.net",";content.support@cj.net",";content.support@cj.net",,
"Japan-Toho Cinemas","SCREENX","Japan","Toho Cinemas","hidaka.k@tohocinemas.co.jp;ikebukuro@tohocinemas.co.jp;sakuramachi@tohocinemas.co.jp",,";dajeong.jang@cj.net;4dx_cs@cj.net;jihun.kim20@cj.net",";bumyong.lee@cj.net;rh.joung@cj.net;y.ishikura@cj.net",";content.support@cj.net",";content.support@cj.net",,
"Japan-United Cinemas","SCREENX","Japan","United Cinemas","takeshi.kajitani@unitedcinemas.co.jp",,";dajeong.jang@cj.net;4dx_cs@cj.net;jihun.kim20@cj.net",";bumyong.lee@cj.net;rh.joung@cj.net;y.ishikura@cj.net",";content.support@cj.net",";content.support@cj.net",,
"Japan-US Cinemas","SCREENX","Japan","US Cinemas","service.t@uscinemas.jp;k.hayashi@uscinemas.jp",,";dajeong.jang@cj.net;4dx_cs@cj.net;jihun.kim20@cj.net",";bumyong.lee@cj.net;rh.joung@cj.net;y.ishikura@cj.net",";content.support@cj.net",";content.support@cj.net",,
"Kosovo-Blitz Cinestar","SCREENX","Kosovo","Blitz Cinestar","Operateri.Arena@cinestarcinemas.eu;NOC@cinestarcinemas.eu",,";dajeong.jang@cj.net;4dx_cs@cj.net;jihun.kim20@cj.net",";frankie.crane@cj.net","content.support@cj.net","content.support@cj.net",,
"Luxembourg-Kinepolis","SCREENX","Luxembourg","Kinepolis","ecrillondemetz@kinepolis.com;fvoz@kinepolis.com;fmerabti@kinepolis.com;hmellinger@kinepolis.com;eduriez@kinepolis.com",,";dajeong.jang@cj.net;4dx_cs@cj.net;jihun.kim20@cj.net",";frankie.crane@cj.net",";content.support@cj.net",";content.support@cj.net",,
"Malaysia-Gold Screen Cinemas","SCREENX","Malaysia","Gold Screen Cinemas","aurum.trx@gsc.com.my;azizan@gsc.com.my;darren.chew@gsc.com.my;nf.leong@gsc.com.my;muhammad.zabidin@gsc.com.my;trxproj@gsc.com.my;gsc1u@gsc.com.my;1uproj@gsc.com.my;gscprogramming@gsc.com.my",,";dajeong.jang@cj.net;4dx_cs@cj.net;jihun.kim20@cj.net",";healin.hwang@cj.net",";content.support@cj.net",";content.support@cj.net",,
"Mexico-Cinepolis","SCREENX","Mexico","Cinepolis","igonzaleza@cinepolis.com;lvillagomez@cinepolis.com;lvilla@cinepolis.com;dsanchez@cinepolis.com;nalarzon@cinepolis.com;c_pmorelia_mlm@cinepolis.com;c_parquetoreo@cinepolis.com;omargarciasneijder@gmail.com;c_lasantenas@cinepolis.com;cvip_samara@cinepolis.com;c_mitikah@cinepolis.com;cvip_miyana@cinepolis.com;cvip_andares_gdl@cinepolis.com;jneri@cinepolis.com",,";dajeong.jang@cj.net;4dx_cs@cj.net;jihun.kim20@cj.net",";l.orozco@cj.net",";content.support@cj.net",";content.support@cj.net",,
"Netherlands-Kinepolis","SCREENX","Netherlands","Kinepolis","iheijsteeg@kinepolis.com;breda@kinepolis.com;jspringer@kinepolis.com;dmachin@kinepolis.com;ehofstee@kinepolis.com;utrecht.group@kinepolis.com;nbajur@kinepolis.com;mtenthij@kinepolis.com;enschede@kinepolis.com",,";dajeong.jang@cj.net;4dx_cs@cj.net;jihun.kim20@cj.net",";frankie.crane@cj.net",";content.support@cj.net",";content.support@cj.net",,
"Netherlands-Pathe","SCREENX","Netherlands","Pathe","poc@pathe.nl;support@gofilex.nl",,";dajeong.jang@cj.net;4dx_cs@cj.net;jihun.kim20@cj.net",";frankie.crane@cj.net",";content.support@cj.net",";content.support@cj.net",,
"Norway-Odeon","SCREENX","Norway","Odeon","vegard.strom@odeonkino.no;thorvald.bornick.rimul@odeonkino.no;team.oslo@odeonkino.no",,";dajeong.jang@cj.net;4dx_cs@cj.net;jihun.kim20@cj.net",";frankie.crane@cj.net",";content.support@cj.net",";content.support@cj.net",,
"South Africa-NU Metro","SCREENX","South Africa","Nu Metro","johanv@numetro.co.za;Salomec@numetro.co.za;gateway@numetro.co.za;Jiteshu@numetro.co.za",,";dajeong.jang@cj.net;4dx_cs@cj.net;jihun.kim20@cj.net",";blake.cho@cj.net",";content.support@cj.net",";content.support@cj.net",,
"Philippines-SM cinema","SCREENX","Philippines","SM cinema","conrado.nugoy@smsupermalls.com;kyle.vicente@smsupermalls.com;hazel.penada@smsupermalls.com;imee.barallas@smsupermalls.com",,";dajeong.jang@cj.net;4dx_cs@cj.net;jihun.kim20@cj.net",";healin.hwang@cj.net",";content.support@cj.net",";content.support@cj.net",,
"Poland-CCI","SCREENX","Poland","CCI","fd@cinema-city.pl;korona@cinema-city.pl;mokotow@cinema-city.pl",,";dajeong.jang@cj.net;4dx_cs@cj.net;jihun.kim20@cj.net",";frankie.crane@cj.net",";content.support@cj.net",";content.support@cj.net",,
"Puerto Rico-Caribbean Cinemas","SCREENX","Puerto Rico","Caribbean Cinemas","jsanchez@caribbeancinemas.com;plobos@caribbeancinemas.com",,";dajeong.jang@cj.net;4dx_cs@cj.net;jihun.kim20@cj.net",";l.orozco@cj.net",";content.support@cj.net",";content.support@cj.net",,
"Saudi Arabia-Empire Cinemas","SCREENX","Saudi Arabia","Empire Cinemas","anand.yadav@empirecinemas.com.sa;abha.projection@empirecinemas.com.sa;rabwa.projection@empirecinemas.com.sa;alpesh.dalvi@empirecinemas.com.sa",,";dajeong.jang@cj.net;4dx_cs@cj.net;jihun.kim20@cj.net",";kj.small@cj.net",";content.support@cj.net",";content.support@cj.net",,
"Serbia-Blitz Cinestar","SCREENX","Serbia","Blitz Cinestar","Operateri.Arena@cinestarcinemas.eu;NOC@cinestarcinemas.eu",,";dajeong.jang@cj.net;4dx_cs@cj.net;jihun.kim20@cj.net",";frankie.crane@cj.net",";content.support@cj.net",";content.support@cj.net",,
"Spain-Filmax","SCREENX","Spain","Filmax","cines.filmaxgv2@outlook.es;cines@circuitocines.com",,";dajeong.jang@cj.net;4dx_cs@cj.net;jihun.kim20@cj.net",";frankie.crane@cj.net",";content.support@cj.net",";content.support@cj.net",,
"Spain-Kinepolis","SCREENX","Spain","Kinepolis","afernandez@kinepolis.com;dibanez@kinepolis.com;rrello@kinepolis.com;proyeccion.mataro@kinepolis.com;proyeccion.alicante@kinepolis.com;PKinepolisMadrid@kinepolis.com;ario@kinepolis.com;jcaparros@kinepolis.com;aperez@kinepolis.com",,";dajeong.jang@cj.net;4dx_cs@cj.net;jihun.kim20@cj.net",";frankie.crane@cj.net",";content.support@cj.net",";content.support@cj.net",,
"Spain-Ocine","SCREENX","Spain","Ocine","7palmas@ocine.es;magic@ocine.es",,";dajeong.jang@cj.net;4dx_cs@cj.net;jihun.kim20@cj.net",";frankie.crane@cj.net",";content.support@cj.net",";content.support@cj.net",,
"Spain-Odeon","SCREENX","Spain","Odeon","ltramullas@cinesa.es;oborrell@cinesa.es;programacion@cinesa.es;bonaire@cinesa.es;equinoccio@cinesa.es;nassica@cinesa.es;Hector.fernandez@cinesa.es",,";dajeong.jang@cj.net;4dx_cs@cj.net;jihun.kim20@cj.net",";frankie.crane@cj.net",";content.support@cj.net",";content.support@cj.net",,
"Switzerland (French)-Arena Cinemas","SCREENX","Switzerland (French)","Arena Cinemas","technik-bs@arena.ch;miyun@arena.ch;op1-ge@arena.ch;op2-ge@arena.ch;technik@arena.ch;chefop-ge@arena.ch",,";dajeong.jang@cj.net;4dx_cs@cj.net;jihun.kim20@cj.net",";frankie.crane@cj.net",";content.support@cj.net",";content.support@cj.net",,
"Switzerland (German)-Arena Cinemas","SCREENX","Switzerland (German)","Arena Cinemas","chefop-zh@arena.ch;op2-zh@arena.ch;op1-zh@arena.ch",,";dajeong.jang@cj.net;4dx_cs@cj.net;jihun.kim20@cj.net",";frankie.crane@cj.net",";content.support@cj.net",";content.support@cj.net",,
"Taiwan-Showtime","SCREENX","Taiwan","Showtime","shawn.cheng@showtimes.com.tw",,";dajeong.jang@cj.net;4dx_cs@cj.net;jihun.kim20@cj.net",";ming.yan@cj.net",";content.support@cj.net",";content.support@cj.net",,
"Thailand-Major Cineplex","SCREENX","Thailand","Major Cineplex","Munin.Chu@majorcineplex.com;projector_ipg@majorcineplex.com;projector_prg@majorcineplex.com;yutthapong.art@majorcineplex.com;junthima.jit@majorcineplex.com;Mbn_projector@majorcineplex.com",,";dajeong.jang@cj.net;4dx_cs@cj.net;jihun.kim20@cj.net",";healin.hwang@cj.net",";content.support@cj.net",";content.support@cj.net",,
"Turkiye-CGV","SCREENX","Turkiye","CGV","ferhat.ersoy@cj.net;emaar.istanbul@cj.net;mehmet.ozay@cj.net;ilker.cakmak@cj.net;batuhan.ustaoglu@cj.net;erkin.tamer@cj.net;mustafa.elonu@cj.net;hakan.guler@cj.net",,";dajeong.jang@cj.net;4dx_cs@cj.net;jihun.kim20@cj.net",";healin.hwang@cj.net",";content.support@cj.net",";content.support@cj.net",,
"UAE-Reel Cinemas","SCREENX","UAE","Reel Cinemas","aameerjan@emaar.ae;reelprojection.tdm@emaar.ae;skaul@burjkhalifa.ae;vimal.kumar@emaar.ae",,";dajeong.jang@cj.net;4dx_cs@cj.net;jihun.kim20@cj.net",";kj.small@cj.net",";content.support@cj.net",";content.support@cj.net",,
"United Kingdom-Cineworld","SCREENX","United Kingdom","Cineworld","Marius.eluna@cineworld.co.uk",,";dajeong.jang@cj.net;4dx_cs@cj.net;jihun.kim20@cj.net",";frankie.crane@cj.net",";content.support@cj.net",";content.support@cj.net",,
"United Kingdom-BBFC","SCREENX","United Kingdom","BBFC","projection@bbfc.co.uk;Marius.Eluna@cineworld.co.uk;GreenwichO2.Cinema@Cineworld.co.uk;AV.O2@cineworld.co.uk",,";dajeong.jang@cj.net;4dx_cs@cj.net;jihun.kim20@cj.net;brett.deacon@cj.net;paul.kim@cj.net;bobbie.andrews@cj.net",";frankie.crane@cj.net",";content.support@cj.net",";content.support@cj.net",,
"USA-Apple Cinemas","SCREENX","USA","Apple Cinemas","warwick@applecinemas.com;whiteplains@applecinemas.com;greece@applecinemas.com;ken.lackner@strong-tech.com;westbrook@applecinemas.com;zferra@applecinemas.com;sathish@applecinemas.com;pramod@applecinemas.com",,";dajeong.jang@cj.net;4dx_cs@cj.net;jihun.kim20@cj.net",";brett.deacon@cj.net;j.laguidice@cj.net",";content.support@cj.net",";content.support@cj.net",,
"USA-B&B","SCREENX","USA","B&B","ankenymanager@bbtheatres.com;beyunka.dye@bbtheatres.com;jmccune81@gmail.com;mackenzy.wendt@bbtheatres.com;joshua.wickwire@bbtheatres.com;overlandparkmanager@bbtheatres.com;jonathan.turner@bbtheatres.com;charles.pate@bbtheatres.com;Roman.King@bbtheatres.com;bloomingtonmoamanager@bbtheatres.com",,";dajeong.jang@cj.net;4dx_cs@cj.net;jihun.kim20@cj.net",";brett.deacon@cj.net;j.laguidice@cj.net",";content.support@cj.net",";content.support@cj.net",,
"USA-Cinemark","SCREENX","USA","Cinemark","top-cs@cinemark.com;alasky@cinemark.com;cturini@cinemark.com",,";dajeong.jang@cj.net;4dx_cs@cj.net;jihun.kim20@cj.net",";brett.deacon@cj.net;j.laguidice@cj.net",";content.support@cj.net",";content.support@cj.net",,
"USA-Cinema West","SCREENX","USA","Cinema West","verandaluxecinema@cinemawest.com;palladiocinema@cinemawest.com;beachcities@cinemawest.com;boulevardcinema@cinemawest.com;2ndstcinema@cinemawest.com",,";dajeong.jang@cj.net;4dx_cs@cj.net;jihun.kim20@cj.net",";brett.deacon@cj.net;j.laguidice@cj.net",";content.support@cj.net",";content.support@cj.net",,
"USA-D Place","SCREENX","USA","D'Place","pk14@dplaceentertainment.com;pk14projection@gmail.com;joshf@dplaceentertainment.com;thane@dplaceentertainment.com",,";dajeong.jang@cj.net;4dx_cs@cj.net;jihun.kim20@cj.net",";brett.deacon@cj.net;j.laguidice@cj.net",";content.support@cj.net",";content.support@cj.net",,
"USA-Marcus","SCREENX","USA","Marcus","jeffsterling@marcustheatres.com;ridge@marcustheatres.com;addisoncinemas@marcustheatres.com;southbridge@marcustheatres.com;crosswoods@marcustheatres.com",,";dajeong.jang@cj.net;4dx_cs@cj.net;jihun.kim20@cj.net",";brett.deacon@cj.net;j.laguidice@cj.net",";content.support@cj.net",";content.support@cj.net",,
"USA-Regency Theaters","SCREENX","USA","Regency Theaters","buenapark@regencymovies.com",,";dajeong.jang@cj.net;4dx_cs@cj.net;jihun.kim20@cj.net",";brett.deacon@cj.net;j.laguidice@cj.net",";content.support@cj.net",";content.support@cj.net",,
"Vietnam-CGV Vietnam","SCREENX","Vietnam","CGV Vietnam","cgv-alb-pro@cj.net;cgv-hvp-pro@cj.net;svh.pro@cj.net;duong.chau@cj.net;anh.nguyen11@cj.net;thaongoc.hoang@cj.net;linh.nguyen29@cj.net;thebao.nguyen@cj.net;chung.ta@cj.net;vrc.pro@cj.net;nhan.ho@cj.net;vlm.pro@cj.net;vlm-management@cjintra.net",,";dajeong.jang@cj.net;4dx_cs@cj.net;jihun.kim20@cj.net",";ming.yan@cj.net;healin.hwang@cj.net",";content.support@cj.net",";content.support@cj.net",,
"Japan-Tokyu Recreation","SCREENX","Japan","Tokyu Recreation","arai@tokyu-rec.co.jp;y_sakane@tokyu-rec.co.jp;s_yoshikawa@tokyu-rec.co.jp;g_hirai@tokyu-rec.co.jp;tomiya@tokyu-rec.co.jp;premium-shinjuku@tokyu-rec.co.jp;gp@tokyu-rec.co.jp;yumegaoka@tokyu-rec.co.jp;meiwa@tokyu-rec.co.jp;minoo@tokyu-rec.co.jp;hiroshima@tokyu-rec.co.jp;nagoya@tokyu-rec.co.jp;kawasaki@tokyu-rec.co.jp",,";dajeong.jang@cj.net;4dx_cs@cj.net;jihun.kim20@cj.net",";bumyong.lee@cj.net;rh.joung@cj.net;y.ishikura@cj.net",";content.support@cj.net",";content.support@cj.net",,
"USA-B&B","SCREENX","USA","B&B","wesleychapeltechnician@bbtheatres.com;ryan.novak@bbtheatres.com;james.warner@bbtheatres.com;athensmanager@bbtheatres.com;nathan.campbell@bbtheatres.com;macedoniamanager@bbtheatres.com;bobby.hartley@bbtheatres.com;portlandnorthshoremanager@bbtheatres.com;redoakmanager@bbtheatres.com;ridgelandmanager@bbtheatres.com;wentzvillemanager@bbtheatres.com;justin.morgan@bbtheatres.com;Grovetech01@gmail.com;yasemin.akbas@bbtheatres.com",,";dajeong.jang@cj.net;4dx_cs@cj.net;jihun.kim20@cj.net",";brett.deacon@cj.net;j.laguidice@cj.net",";content.support@cj.net",";content.support@cj.net",,
"USA-B&B","SCREENX","USA","B&B","westolivemanager@bbtheatres.com;omahaoakviewmanager@bbtheatres.com;Wesleychapelmanager@bbtheatres.com;tannim.coley@bbtheatres.com;kirstin.bradel@bbtheatres.com",,";dajeong.jang@cj.net;4dx_cs@cj.net;jihun.kim20@cj.net",";brett.deacon@cj.net;j.laguidice@cj.net",";content.support@cj.net",";content.support@cj.net",,
"Saudi Arabia-Muvi Cinema","SCREENX","Saudi Arabia","Muvi Cinema","projection.aziz@muvicinemas.com;fault.reports@muvicinemas.com;geraldo.royo@muvicinemas.com;homer.ilago@muvicinemas.com;loreto.caino@outlook.com;m.smith@muvicinemas.com;mark.harris@muvicinemas.com;Projection.MoA@muvicinemas.com;projection.mod@muvicinemas.com;mohamed.mahmoud@muvicinemas.com;projection.nmr@muvicinemas.com;projection.par@muvicinemas.com;muvi.programming@muvicinemas.com;projection.mkm@muvicinemas.com;projection.rbr@muvicinemas.com",,";dajeong.jang@cj.net;4dx_cs@cj.net;jihun.kim20@cj.net",";kj.small@cj.net",";content.support@cj.net",";content.support@cj.net",,
"Kuwait-KNCC","SCREENX","Kuwait","KNCC","renice.jacob@kncc.com;vinu.krishna@kncc.com",,";dajeong.jang@cj.net;4dx_cs@cj.net;jihun.kim20@cj.net",";kj.small@cj.net",";content.support@cj.net",";content.support@cj.net",,
"Ukraine-Multiplex","SCREENX","Ukraine","Multiplex","balitskiy@multiplex.ua;n.gulyuk@multiplex.ua;n.dubinchuk@multiplex.ua",,";dajeong.jang@cj.net;4dx_cs@cj.net;jihun.kim20@cj.net",";gyeongmin.lee@cj.net",";content.support@cj.net",";content.support@cj.net",,
"USA-AMC","SCREENX","USA","AMC","0470@amctheatres.com;SSdevelopment@amctheatres.com;toc@amctheatres.com",,";dajeong.jang@cj.net;4dx_cs@cj.net;jihun.kim20@cj.net",";brett.deacon@cj.net;j.laguidice@cj.net",";content.support@cj.net",";content.support@cj.net",,
"Ecuador-Multicines","SCREENX","Ecuador","Multicines","programacion@multicines.com.ec;vtapia@multicines.com.ec;asistente_programacion@multicines.com.ec;dviracocha@multicines.com.ec;squinsasamin@multicines.com.ec;pbustos@multicines.com.ec;
","
",";dajeong.jang@cj.net;4dx_cs@cj.net;jihun.kim20@cj.net",";l.orozco@cj.net",";content.support@cj.net",";content.support@cj.net",,
,,,,,,,,,,,
